,Year,Month,Day,Hour,Minute,Clearsky DHI,Clearsky DNI,Clearsky GHI,Cloud Type,Dew Point,DHI,DNI,Fill Flag,GHI,Snow Depth,Solar Zenith Angle,Temperature,Pressure,Relative Humidity,Precipitable Water,Wind Direction,Wind Speed
0,1998,1,1,0,0,0,0,0,0,19.199823,0,0,0,0,0,141.0773728,21.5052124,903.7744141,86.73194885,26.78602791,112.7179337,1.879306793
1,1998,1,1,0,30,0,0,0,0,19.11693726,0,0,0,0,0,141.1070771,21.36818848,903.4771729,87.01225281,26.70958519,112.7179337,1.83658886
2,1998,1,1,1,0,0,0,0,1,19.0336853,0,0,0,0,0,139.77611,21.23116455,903.1799316,87.29190063,26.63314247,117.0814972,1.793870926
3,1998,1,1,1,30,0,0,0,7,18.9694458,0,0,0,0,0,137.2114963,21.08947144,903.0450439,87.70212555,26.47938728,117.0814972,1.774276495
4,1998,1,1,2,0,0,0,0,7,18.90496216,0,0,0,0,0,133.6178936,20.94780884,902.9101563,88.1133728,26.325634,122.3149872,1.754681945
5,1998,1,1,2,30,0,0,0,7,18.85619507,0,0,0,0,0,129.2139371,20.79055176,902.7295532,88.6991806,26.06884766,122.3149872,1.781057596
6,1998,1,1,3,0,0,0,0,7,18.80724487,0,0,0,0,0,124.1919872,20.6333252,902.5489502,89.28872681,25.8120594,127.1469421,1.807433367
7,1998,1,1,3,30,0,0,0,7,18.77123413,0,0,0,0,0,118.7047655,20.4711853,902.6279297,89.98303223,25.47178268,127.1469421,1.902376652
8,1998,1,1,4,0,0,0,0,7,18.73510132,0,0,,0,0,112.8674389,20.30904541,902.7069092,90.68309784,25.13150787,129.3460846,1.997319937
9,1998,1,1,4,30,0,0,0,7,18.71849976,0,0,0,0,0,106.7650206,20.17168579,902.9864502,91.36118317,24.76187706,129.3460846,2.128306866
10,1998,1,1,5,0,0,0,0,7,18.70180664,0,0,0,0,0,100.4600353,20.03429565,903.2659912,92.04496765,24.39224625,128.9346619,2.259294033
11,1998,1,1,5,30,0,0,0,7,18.97478638,0,0,0,0,0,93.99878165,20.8444458,903.46521,89.06243896,24.02615547,128.9346619,2.280483723
12,1998,1,1,6,0,15,145,22,4,19.24245605,12,9,4,12,0,87.41387199,21.65459595,903.6644897,86.17138672,23.6600647,126.2645416,2.301673412
13,1998,1,1,6,30,50,422,118,8,19.49697266,58,54,0,66,0,80.73746558,23.12310181,903.9530029,80.06864929,23.32556725,126.2645416,2.221551895
14,1998,1,1,7,0,69,613,238,3,19.74367676,97,354,0,195,0,73.98593757,24.59160767,904.2414551,74.43260193,22.9910717,119.9495621,2.141430378
15,1998,1,1,7,30,82,728,365,3,19.22771606,166,78,0,197,0,67.17695498,26.29900513,904.3996582,65.12863922,22.71212387,119.9495621,2.393658161
16,1998,1,1,8,0,93,805,492,3,18.69500122,163,8,0,167,0,60.3249791,28.00640259,904.5579224,56.99349213,22.43317795,107.8024597,2.645886183
17,1998,1,1,8,30,101,860,614,3,18.24279175,193,10,0,199,0,53.44314106,29.04403076,904.5595703,52.16137314,22.25818634,107.8024597,2.700706482
18,1998,1,1,9,0,108,900,728,3,17.77922974,348,233,0,508,0,46.54477456,30.08165894,904.5612793,47.72190475,22.08319283,99.2236557,2.755526543
19,1998,1,1,9,30,114,930,830,0,17.49483643,114,930,0,830,0,39.64563149,30.80278931,904.2830811,44.97747421,21.99519157,99.2236557,2.712163687
20,1998,1,1,10,0,119,952,920,0,17.20595703,119,952,0,920,0,32.76817187,31.5239502,904.0048828,42.38632584,21.90719223,93.24301147,2.668800831
21,1998,1,1,10,30,122,968,993,3,17.04403076,428,423,0,808,0,25.95192856,32.08519897,903.732666,40.63996506,21.93437576,93.24301147,2.577777386
22,1998,1,1,11,0,125,979,1050,3,16.88045654,452,48,0,498,0,19.28447649,32.64644775,903.4605103,38.96598053,21.96155739,88.80566406,2.486753941
23,1998,1,1,11,30,127,986,1088,0,16.83178101,127,986,0,1088,0,13.02066022,32.97231445,903.0908203,38.13980865,22.04145813,88.80566406,2.407166481
24,1998,1,1,12,0,128,990,1108,-15,16.78280029,128,990,1,1108,0,8.175758867,33.29821167,902.7210693,37.33190155,22.12135887,87.92767334,2.327579021
25,1998,1,1,12,30,128,989,1108,3,16.63811646,554,220,0,772,0,8.000484612,33.38500366,902.3946533,36.81093216,22.26836586,87.92767334,2.265835285
26,1998,1,1,13,0,127,985,1089,3,16.49242554,540,236,0,771,0,12.69017849,33.47179565,902.0681763,36.29467773,22.41537285,90.1092453,2.204091787
27,1998,1,1,13,30,125,977,1051,1,16.38479004,125,977,0,1051,0,18.91452675,33.34249268,901.814209,36.30918884,22.57999992,90.1092453,2.158332348
28,1998,1,1,14,0,123,966,994,3,16.27645264,487,138,0,612,0,25.56916279,33.2131897,901.5603027,36.32214737,22.744627,95.25675201,2.112573147
29,1998,1,1,14,30,119,949,921,3,16.09688721,419,353,0,717,0,32.38071051,32.66326294,901.4438477,37.0367012,22.96047592,95.25675201,2.126339197
30,1998,1,1,15,0,115,927,833,3,15.91420898,377,335,0,637,0,39.25686035,32.1133667,901.3273926,37.76187897,23.17632294,102.3193359,2.140105248
31,1998,1,1,15,30,109,897,731,1,15.76653442,109,897,0,731,0,46.15652993,31.35701904,901.257019,39.04722595,23.38854408,102.3193359,2.212705612
32,1998,1,1,16,0,102,858,619,0,15.615625,102,858,0,619,0,53.05667676,30.6007019,901.1866455,40.37710571,23.60076523,107.3533478,2.285305738
33,1998,1,1,16,30,94,806,498,0,15.74831543,94,806,0,498,0,59.9413342,29.84551392,901.5782471,42.52423859,23.76325035,107.3533478,2.373431683
34,1998,1,1,17,0,83,735,373,1,15.87926636,83,735,0,373,0,66.79712717,29.09032593,901.9699097,44.79102325,23.92573738,109.645874,2.461557865
35,1998,1,1,17,30,69,636,248,1,16.50609741,69,636,0,248,0,73.61098854,27.8277832,902.1094971,50.16584396,23.96253204,109.645874,2.520796299
36,1998,1,1,18,0,45,515,131,3,17.11257324,45,515,4,131,0,80.36861106,26.56524048,902.2490234,56.14093018,23.99932671,107.3552017,2.580034494
37,1998,1,1,18,30,0,0,0,3,17.33269653,0,0,0,0,0,87.05265053,25.97982178,902.5866699,58.93066406,24.20650864,107.3552017,2.690831661
38,1998,1,1,19,0,0,0,0,1,17.55025635,0,0,0,0,0,93.64667152,25.39440308,902.9242554,61.85675812,24.41369057,105.8250732,2.801628828
39,1998,1,1,19,30,0,0,0,8,17.60628662,0,0,0,0,0,100.1194052,24.95418701,903.3557129,63.72448349,24.56149673,105.8250732,2.876859665
40,1998,1,1,20,0,0,0,0,4,17.66195068,0,0,0,0,0,106.4387136,24.51394043,903.7871704,65.65260315,24.70930099,104.6522751,2.952090502
41,1998,1,1,20,30,0,0,0,4,17.67781982,0,0,0,0,0,112.5591604,24.14974365,904.0859375,67.16825867,24.72073364,104.6522751,2.991585255
42,1998,1,1,21,0,0,0,0,-15,17.69347534,0,0,1,0,0,118.4193905,23.78554688,904.3846436,68.72199249,24.73216629,103.5928955,3.031079769
43,1998,1,1,21,30,0,0,0,4,17.61013184,0,0,0,0,0,123.9359372,23.42946777,904.5479736,69.84439087,24.61706162,103.5928955,3.007755756
44,1998,1,1,22,0,0,0,0,4,17.52608643,0,0,0,0,0,128.995561,23.07341919,904.7113647,70.98558044,24.50195694,101.7666397,2.984431744
45,1998,1,1,22,30,0,0,0,3,17.4013916,0,0,0,0,0,133.4476463,22.70980225,904.6137695,71.99736786,24.31013107,101.7666397,2.917545795
46,1998,1,1,23,0,0,0,0,0,17.27550659,0,0,0,0,0,137.1014534,22.34621582,904.5161743,73.02190399,24.11830521,98.4138031,2.850659847
47,1998,1,1,23,30,0,0,0,0,17.14177856,0,0,0,0,0,139.7381458,22.07277832,904.1724854,73.62236786,23.98977661,98.4138031,2.797785282
48,1998,1,2,0,0,0,0,0,7,11.01159058,0,0,0,0,0,171.6191202,15.48806152,910.4008179,74.68038177,15.77148724,100.0437927,3.237429857
49,1998,1,2,0,30,0,0,0,7,10.90822754,0,0,0,0,0,171.3856676,15.22939453,910.1397095,75.41075134,15.77576923,100.0437927,3.268149853
50,1998,1,2,1,0,0,0,0,7,10.80422363,0,0,0,0,0,166.6671433,14.97072754,909.8786011,76.1469574,15.78005219,97.24042511,3.298869848
51,1998,1,2,1,30,0,0,0,7,10.73705444,0,0,0,0,0,160.4881911,14.74254761,909.5492554,76.93000793,15.78182507,97.24042511,3.320036173
52,1998,1,2,2,0,0,0,0,7,10.66964111,0,0,0,0,0,153.8727049,14.51436768,909.2199097,77.72145844,15.7835989,94.95352936,3.341202497
53,1998,1,2,2,30,0,0,0,0,10.61693726,0,0,0,0,0,147.0924217,14.32232056,909.0346069,78.41648102,15.77051353,94.95352936,3.375173569
54,1998,1,2,3,0,0,0,0,0,10.56405029,0,0,0,0,0,140.2426485,14.13027344,908.8493042,79.11808777,15.75742912,93.3058548,3.40914464
55,1998,1,2,3,30,0,0,0,4,10.55419312,0,0,0,0,0,133.3666169,13.95055542,908.8916016,79.99258423,15.74397087,93.3058548,3.462939501
56,1998,1,2,4,0,0,0,0,1,10.54430542,0,0,0,0,0,126.4887634,13.7708374,908.9338379,80.87784576,15.73051357,91.77068329,3.516734362
57,1998,1,2,4,30,0,0,0,0,10.57451782,0,0,0,0,0,119.6260181,13.58861694,909.0081787,82.00627899,15.74691963,91.77068329,3.571600437
58,1998,1,2,5,0,0,0,0,8,10.60466919,0,0,0,0,0,112.7924922,13.40639648,909.0825806,83.15145111,15.76332569,90.13334656,3.626466751
59,1998,1,2,5,30,0,0,0,7,10.72854004,0,0,0,0,0,106.0018734,13.25493774,909.3082275,84.67152405,15.8437109,90.13334656,3.66245389
60,1998,1,2,6,0,0,0,0,7,10.85161743,0,0,0,0,0,99.2689936,13.103479,909.5338745,86.21509552,15.92409611,89.28484344,3.698441029
61,1998,1,2,6,30,0,0,0,1,11.20424805,0,0,0,0,0,92.6111794,13.95824585,909.8369141,83.48145294,15.91469574,89.28484344,3.646491289
62,1998,1,2,7,0,20,258,38,7,11.54897461,20,80,4,26,0,86.04807258,14.8130127,910.1398926,80.81671906,15.90529633,88.25193787,3.59454155
63,1998,1,2,7,30,46,494,135,3,12.00432739,62,168,0,93,0,79.61092689,16.49163208,910.3356934,74.79696655,15.94502163,88.25193787,3.677310944
64,1998,1,2,8,0,59,647,244,3,12.44393311,98,20,0,104,0,73.33184717,18.17028198,910.5314941,69.24202728,15.98474693,84.13941956,3.760080099
65,1998,1,2,8,30,67,738,353,3,12.73525391,154,226,0,242,0,67.25821407,19.60231934,910.7565918,64.54030609,16.07473755,84.13941956,3.915740013
66,1998,1,2,9,0,74,797,455,3,13.018396,171,22,0,182,0,61.45324786,21.03438721,910.9817505,60.1813736,16.16473007,77.52188873,4.071400166
67,1998,1,2,9,30,80,838,548,3,13.0694519,187,14,0,195,0,56.00249625,22.17662964,910.8778076,56.30794144,16.27702332,77.52188873,4.032591343
68,1998,1,2,10,0,84,867,629,3,13.11821899,283,252,0,442,0,51.0212966,23.31887207,910.7738647,52.70756912,16.38931656,72.88883972,3.993782282
69,1998,1,2,10,30,87,887,696,1,13.03148804,87,887,0,696,0,46.66171488,24.21871338,910.4084473,49.64743805,16.48875618,72.88883972,3.931615114
70,1998,1,2,11,0,89,901,747,2,12.94326172,300,38,0,329,0,43.11393144,25.11855469,910.0430908,46.77732849,16.5881958,69.1163559,3.869447947
71,1998,1,2,11,30,91,910,782,0,12.79400024,91,910,0,782,0,40.59228114,25.70189819,909.6437988,44.74415207,16.69049835,69.1163559,3.816421032
72,1998,1,2,12,0,91,914,799,1,12.64327393,91,914,0,799,0,39.29542314,26.2852417,909.2445068,42.80124283,16.792799,67.87571716,3.763393879
73,1998,1,2,12,30,91,913,798,3,12.47832642,91,913,4,798,0,39.34495242,26.50643311,908.7913818,41.79182434,16.96094322,67.87571716,3.715728283
74,1998,1,2,13,0,90,909,779,3,12.31203613,90,909,4,779,0,40.73594677,26.72762451,908.3382568,40.80289459,17.12908554,67.72905731,3.668062449
75,1998,1,2,13,30,89,900,743,0,12.15679321,89,900,0,743,0,43.339144,26.59502563,907.9595337,40.70528412,17.22294617,67.72905731,3.616998672
76,1998,1,2,14,0,86,886,691,0,12.00023804,86,886,0,691,0,46.95282112,26.46242676,907.5808105,40.60410309,17.31680679,68.10400391,3.565934658
77,1998,1,2,14,30,83,866,623,3,11.91469727,278,90,0,335,0,51.36340181,26.02416382,907.3857422,41.43494415,17.34126091,68.10400391,3.502109051
78,1998,1,2,15,0,78,838,542,3,11.82833252,241,90,4,291,0,56.3832535,25.58590088,907.1906128,42.28380203,17.36571312,70.25405884,3.438283443
79,1998,1,2,15,30,72,800,449,0,11.70653687,72,800,0,449,0,61.86313013,24.7973877,907.2287598,43.96154785,17.37218094,70.25405884,3.391052246
80,1998,1,2,16,0,64,747,348,0,11.58248291,64,747,0,348,0,67.69011091,24.00884399,907.2668457,45.71138763,17.37864876,71.95411682,3.343821049
81,1998,1,2,16,30,53,673,241,3,11.83477173,93,311,0,180,0,73.78050718,22.90914307,907.5418701,49.66636658,17.3704319,71.95411682,3.125588417
82,1998,1,2,17,0,34,594,136,0,12.08269653,34,594,0,136,0,80.07245345,21.80941162,907.8168335,53.97600555,17.36221313,78.28279114,2.907356024
83,1998,1,2,17,30,0,0,0,1,12.48046265,0,0,0,0,0,86.51946171,21.18126831,908.09729,57.57719803,17.37859535,78.28279114,2.839758635
84,1998,1,2,18,0,0,0,0,1,12.86986694,0,0,0,0,0,93.09049215,20.55309448,908.3778076,61.39156342,17.39497566,83.91806793,2.772161245
85,1998,1,2,18,30,0,0,0,0,12.90627441,0,0,0,0,0,99.75436194,20.16719971,908.673584,63.02170181,17.3731308,83.91806793,2.757275105
86,1998,1,2,19,0,0,0,0,0,12.94246826,0,0,0,0,0,106.4919214,19.78130493,908.9694214,64.69865417,17.35128593,86.69749451,2.742388964
87,1998,1,2,19,30,0,0,0,0,12.89922485,0,0,0,0,0,113.2860699,19.32000122,909.227478,66.39152527,17.33479118,86.69749451,2.754891396
88,1998,1,2,20,0,0,0,0,0,12.85549316,0,0,0,0,0,120.1221022,18.85872803,909.4855347,68.13333893,17.31829453,87.78795624,2.767393589
89,1998,1,2,20,30,0,0,0,0,12.77486572,0,0,0,0,0,126.9863554,18.38713989,909.6292725,69.80426025,17.26226234,87.78795624,2.814833641
90,1998,1,2,21,0,0,0,0,-15,12.69350586,0,0,1,0,0,133.8646059,17.91555176,909.7729492,71.52003479,17.20623016,87.66732025,2.862273455
91,1998,1,2,21,30,0,0,0,0,12.56066284,0,0,0,0,0,140.7395735,17.53081665,909.7834473,72.63950348,17.07086945,87.66732025,2.928551674
92,1998,1,2,22,0,0,0,0,0,12.42650757,0,0,0,0,0,147.5859557,17.14611206,909.7939453,73.77468872,16.93550873,87.57119751,2.994829893
93,1998,1,2,22,30,0,0,0,0,12.25124512,0,0,0,0,0,154.3582983,16.8053833,909.6136475,74.52191162,16.71383667,87.57119751,3.053032875
94,1998,1,2,23,0,0,0,0,0,12.07406006,0,0,0,0,0,160.9546763,16.46465454,909.4332886,75.27010345,16.49216652,88.07556152,3.111236095
95,1998,1,2,23,30,0,0,0,0,11.83187256,0,0,0,0,0,167.0784467,16.15819702,909.1716309,75.53868103,16.22733498,88.07556152,3.177987576
96,1998,1,3,0,0,0,0,0,0,11.58617554,0,0,0,0,0,171.5966701,15.85170898,908.9099121,75.79202271,15.96250248,88.45933533,3.244739056
97,1998,1,3,0,30,0,0,0,0,11.32653198,0,0,0,0,0,171.4057265,15.5213562,908.7548828,76.09321594,15.8147831,88.45933533,3.266562939
98,1998,1,3,1,0,0,0,0,0,11.06273804,0,0,0,0,0,166.7072574,15.1909729,908.5998535,76.37641144,15.66706276,88.97189331,3.288386583
99,1998,1,3,1,30,0,0,0,1,10.87304077,0,0,0,0,0,160.5341178,14.88286743,908.4997559,76.92988586,15.58407879,88.97189331,3.28730464
100,1998,1,3,2,0,0,0,0,0,10.68108521,0,0,0,0,0,153.9207747,14.57476196,908.3995972,77.47795868,15.50109482,90.5466156,3.286222696
101,1998,1,3,2,30,0,0,0,0,10.56578979,0,0,0,0,0,147.1414507,14.28832397,908.3097534,78.32199097,15.4638586,90.5466156,3.291628361
102,1998,1,3,3,0,0,0,0,3,10.44963989,0,0,0,0,0,140.2921365,14.00188599,908.2199097,79.17325592,15.42662239,92.61027527,3.297034264
103,1998,1,3,3,30,0,0,0,1,10.38936768,0,0,0,0,0,133.4163007,13.73690186,908.3563843,80.22356415,15.41660881,92.61027527,3.321679115
104,1998,1,3,4,0,0,0,0,0,10.32879028,0,0,0,0,0,126.5384751,13.47188721,908.4928589,81.28896332,15.40659523,93.61296082,3.346324205
105,1998,1,3,4,30,0,0,0,0,10.29610596,0,0,0,0,0,119.6756296,13.22127686,908.7271118,82.44736481,15.41847324,93.61296082,3.379449606
106,1998,1,3,5,0,0,0,0,0,10.26323853,0,0,0,0,0,112.8418899,12.9706665,908.9613647,83.62403107,15.43035221,93.11560059,3.412575006
107,1998,1,3,5,30,0,0,0,1,10.28493652,0,0,0,0,0,106.0509427,12.76931152,909.2922363,84.85542297,15.46727562,93.11560059,3.409241199
108,1998,1,3,6,0,0,0,0,1,10.30657349,0,0,0,0,0,99.31760823,12.56795654,909.6230469,86.10639954,15.50419903,92.35264587,3.405907154
109,1998,1,3,6,30,0,0,0,1,10.56633911,0,0,0,0,0,92.65919054,13.42516479,909.954834,82.83827209,15.48172379,92.35264587,3.277626991
110,1998,1,3,7,0,20,256,37,3,10.82149658,20,256,4,37,0,86.09528274,14.28240356,910.2866211,79.69631958,15.45924854,91.31619263,3.14934659
111,1998,1,3,7,30,46,493,135,0,11.24764404,46,493,0,135,0,79.65712789,16.07763062,910.597168,73.05183411,15.45110798,91.31619263,3.164662838
112,1998,1,3,8,0,59,647,244,0,11.6592041,59,647,0,244,0,73.3767251,17.87282715,910.9077148,66.9968338,15.44296741,87.00033569,3.179978848
113,1998,1,3,8,30,68,739,353,0,11.7300354,68,739,0,353,0,67.30136275,19.44320068,911.0716553,61.0137291,15.44173718,87.00033569,3.206192493
114,1998,1,3,9,0,74,798,456,3,11.79729614,191,298,0,334,0,61.49412252,21.01357422,911.2355957,55.61664581,15.44050694,82.23371887,3.232405901
115,1998,1,3,9,30,80,840,549,0,11.5828186,80,840,0,549,0,56.04036255,22.23314819,911.1056519,50.8938446,15.43700981,82.23371887,3.043330431
116,1998,1,3,10,0,84,869,631,0,11.36437378,84,869,0,631,0,51.05517515,23.45275269,910.975708,46.59044647,15.43351173,80.82250977,2.854254961
117,1998,1,3,10,30,87,890,698,0,11.16192017,87,890,0,698,0,46.6903433,24.32412109,910.7324219,43.62365341,15.47418976,80.82250977,2.588006973
118,1998,1,3,11,0,90,904,749,0,10.95656738,90,904,0,749,0,43.13579812,25.19552002,910.4891968,40.85084534,15.51486778,82.52767181,2.321759224
119,1998,1,3,11,30,91,912,784,1,10.74328003,91,912,0,784,0,40.60581573,25.77996216,910.2119141,38.90156174,15.59882069,82.52767181,2.086543083
120,1998,1,3,12,0,92,917,801,3,10.52733765,374,219,0,544,0,39.29939072,26.3644043,909.9346924,37.0434494,15.68277454,87.93269348,1.851326942
121,1998,1,3,12,30,92,916,800,3,10.33141479,365,230,4,543,0,39.33891404,26.6222168,909.6283569,36.0111351,15.93003082,87.93269348,1.689676166
122,1998,1,3,13,0,91,911,782,3,10.13347778,333,360,0,606,0,40.72045943,26.8800293,909.3220215,35.0031395,16.17728806,98.06925201,1.528025389
123,1998,1,3,13,30,89,902,745,3,9.972924805,347,188,0,484,0,43.31552049,26.74529419,909.0395508,34.90487671,16.42785454,98.06925201,1.464907169
124,1998,1,3,14,0,86,887,693,3,9.810845947,320,169,0,436,0,46.92265989,26.61052856,908.7571411,34.8032074,16.67842293,110.5474319,1.401789069
125,1998,1,3,14,30,83,867,625,3,9.647576904,284,191,0,404,0,51.32820804,26.10018311,908.6351318,35.47705078,16.86514282,110.5474319,1.437275648
126,1998,1,3,15,0,78,839,543,1,9.482019043,78,839,0,543,0,56.34426756,25.58980713,908.5131836,36.1620369,17.05186081,119.2029877,1.472762227
127,1998,1,3,15,30,72,800,450,3,9.368798828,72,800,4,450,0,61.82130598,24.66567383,908.4785156,37.9187851,17.11002159,119.2029877,1.58473742
128,1998,1,3,16,0,64,747,349,0,9.253015137,64,747,0,349,0,67.64615962,23.74154053,908.4437866,39.76899719,17.16818237,121.5520325,1.696712613
129,1998,1,3,16,30,53,674,242,0,9.680383301,53,674,0,242,0,73.73495417,22.31139526,908.6495361,44.62688446,17.07017326,121.5520325,1.877139807
130,1998,1,3,17,0,34,594,137,0,10.09649048,34,594,0,137,0,80.02568959,20.88125,908.8552856,50.08274841,16.97216225,121.0599823,2.057566881
131,1998,1,3,17,30,0,0,0,1,10.50438843,0,0,0,0,0,86.47179053,19.97341309,909.0600586,54.43037796,16.83372307,121.0599823,2.206779957
132,1998,1,3,18,0,0,0,0,1,10.90300903,0,0,0,0,0,93.04210897,19.06557617,909.2647705,59.13685608,16.69528198,124.2392807,2.355992794
133,1998,1,3,18,30,0,0,0,1,10.72213135,0,0,0,0,0,99.70545976,18.60567627,909.5010986,60.13283157,16.55589294,124.2392807,2.457326651
134,1998,1,3,19,0,0,0,0,4,10.53875122,0,0,0,0,0,106.4426447,18.14580688,909.7374268,61.14051819,16.416502,128.464035,2.558660507
135,1998,1,3,19,30,0,0,0,3,10.40496216,0,0,0,0,0,113.2365426,17.73476563,909.9665527,62.18469238,16.32149506,128.464035,2.633041859
136,1998,1,3,20,0,0,0,0,1,10.26973877,0,0,0,0,0,120.0724388,17.32372437,910.1956177,63.24517059,16.22648811,130.8445892,2.707422972
137,1998,1,3,20,30,0,0,0,0,10.13048706,0,0,0,0,0,126.9366723,16.93657837,910.2967529,64.21377563,16.14393806,130.8445892,2.759268284
138,1998,1,3,21,0,0,0,0,-15,9.989801025,0,0,1,0,0,133.8150377,16.54943237,910.3978882,65.19499207,16.06138802,129.6401367,2.811113358
139,1998,1,3,21,30,0,0,0,7,9.830804443,0,0,0,0,0,140.690301,16.16741333,910.3195801,66.09272003,15.93431568,129.6401367,2.839585781
140,1998,1,3,22,0,0,0,0,7,9.670098877,0,0,0,0,0,147.5372673,15.78536377,910.2412109,66.99906921,15.80724335,126.3716431,2.868058205
141,1998,1,3,22,30,0,0,0,7,9.477197266,0,0,0,0,0,154.3107479,15.42757568,910.0432129,67.66986847,15.61579418,126.3716431,2.88424015
142,1998,1,3,23,0,0,0,0,3,9.281945801,0,0,0,0,0,160.9095832,15.0697876,909.8451538,68.33946228,15.42434597,122.9698334,2.900422335
143,1998,1,3,23,30,0,0,0,7,8.989862061,0,0,0,0,0,167.0399174,14.7607666,909.6395264,68.35432434,15.17835808,122.9698334,2.948309183
144,1998,1,4,0,0,0,0,0,3,8.692559814,0,0,0,0,0,171.5803126,14.45171509,909.4338379,68.34540558,14.93237019,119.2212143,2.996196032
145,1998,1,4,0,30,0,0,0,1,8.365777588,0,0,0,0,0,171.4316378,14.17766724,909.1619873,68.04587555,14.65702248,119.2212143,3.031919718
146,1998,1,4,1,0,0,0,0,1,8.03258667,0,0,0,0,0,166.7509914,13.90361938,908.8900757,67.71666718,14.38167381,117.7062073,3.067643404
147,1998,1,4,1,30,0,0,0,1,7.72387085,0,0,0,0,0,160.5822426,13.63039551,908.6226807,67.4963913,14.09863949,117.7062073,3.102715969
148,1998,1,4,2,0,0,0,0,1,7.409356689,0,0,0,0,0,153.9701763,13.35714111,908.3552246,67.2494812,13.81560612,117.2216187,3.137788534
149,1998,1,4,2,30,0,0,0,4,7.130853271,0,0,0,0,0,147.1912115,13.10537109,908.2102051,67.07361603,13.50996971,117.2216187,3.178397179
150,1998,1,4,3,0,0,0,0,7,6.847589111,0,0,0,0,0,140.3418931,12.85360107,908.0651855,66.87560272,13.20433331,115.8088608,3.219005585
151,1998,1,4,3,30,0,0,0,1,6.621026611,0,0,0,0,0,133.4658652,12.5994812,908.1295166,66.94814301,12.91761112,115.8088608,3.24826026
152,1998,1,4,4,0,0,0,0,1,6.391168213,0,0,0,0,0,126.5877225,12.34539185,908.1937866,67.00574493,12.63088799,113.442131,3.277514935
153,1998,1,4,4,30,0,0,0,1,6.200646973,0,0,0,0,0,119.7244557,12.0760437,908.2518921,67.31347656,12.39597702,113.442131,3.296271324
154,1998,1,4,5,0,0,0,0,1,6.007775879,0,0,0,0,0,112.8901921,11.80672607,908.3099976,67.61258698,12.16106606,110.1444092,3.315027714
155,1998,1,4,5,30,0,0,0,1,5.998376465,0,0,0,0,0,106.0986087,11.58266602,908.6257324,68.57546234,11.99271488,110.1444092,3.272680998
156,1998,1,4,6,0,0,0,0,1,5.988885498,0,0,0,0,0,99.36450641,11.35863647,908.9414673,69.55344391,11.82436466,107.0211182,3.230334282
157,1998,1,4,6,30,0,0,0,1,6.212030029,0,0,0,0,0,92.70516056,12.41326294,909.2157593,65.88951111,11.71667576,107.0211182,3.07721138
158,1998,1,4,7,0,20,259,38,0,6.431115723,20,259,0,38,0,86.14010991,13.46785889,909.4900513,62.43523788,11.60898685,103.8904724,2.924088478
159,1998,1,4,7,30,46,501,136,0,6.735253906,46,501,0,136,0,79.70057929,15.34450684,909.8945923,56.4721756,11.61151028,103.8904724,2.750647306
160,1998,1,4,8,0,59,658,247,0,7.029870605,59,658,0,247,0,73.41845724,17.22115479,910.2991333,51.13210678,11.61403465,96.56827545,2.577206135
161,1998,1,4,8,30,68,749,357,0,7.598687744,68,749,0,357,0,67.34093397,19.35448608,910.5685425,46.50099945,11.74594593,96.56827545,2.746892929
162,1998,1,4,9,0,75,809,461,0,8.141015625,75,809,0,461,0,61.53094825,21.48781738,910.8379517,42.29714203,11.87785816,84.0137558,2.916579723
163,1998,1,4,9,30,80,850,555,0,8.365899658,80,850,0,555,0,56.07366813,22.70723877,910.7757568,39.87180328,12.0779438,84.0137558,2.80346489
164,1998,1,4,10,0,85,878,637,0,8.584832764,85,878,0,637,0,51.08394848,23.92669067,910.713562,37.59476089,12.2780304,76.36082459,2.690350294
165,1998,1,4,10,30,88,898,704,0,8.825372314,88,898,0,704,0,46.71331205,24.77056274,910.3950195,36.32708359,12.54786587,76.36082459,2.496804237
166,1998,1,4,11,0,90,912,755,0,9.060479736,90,912,0,755,0,43.1514871,25.61443481,910.0764771,35.09940338,12.81770134,71.87328339,2.303258419
167,1998,1,4,11,30,91,920,790,3,9.181359863,339,60,0,385,0,40.61276436,26.11416016,909.744751,34.35420227,13.13315392,71.87328339,2.165246487
168,1998,1,4,12,0,92,923,807,3,9.300622559,371,238,0,556,0,39.2965593,26.6138855,909.4130859,33.62453461,13.44860554,70.63948059,2.027234554
169,1998,1,4,12,30,92,922,806,0,9.38527832,92,922,0,806,0,39.32611783,26.80248413,909.0148926,33.44316101,13.81213379,70.63948059,1.920274735
170,1998,1,4,13,0,91,917,786,3,9.46932373,354,270,0,559,0,40.69850466,26.99105225,908.6166992,33.26180267,14.17566109,71.85993195,1.813314795
171,1998,1,4,13,30,89,907,750,3,9.49743042,325,65,0,373,0,43.28590277,26.82714233,908.3521729,33.64728546,14.56420136,71.85993195,1.725883842
172,1998,1,4,14,0,87,892,697,1,9.525445557,87,892,0,697,0,46.88707275,26.66326294,908.0876465,34.03735352,14.95274162,76.55312347,1.638452888
173,1998,1,4,14,30,83,871,628,3,9.47008667,83,871,4,628,0,51.28817994,26.14095459,907.9501953,34.97241592,15.2657671,76.55312347,1.62546587
174,1998,1,4,15,0,78,843,546,-15,9.413995361,78,843,1,546,0,56.30101865,25.61864624,907.8128052,35.93558502,15.57879353,83.65289307,1.612478852
175,1998,1,4,15,30,72,805,453,-15,9.399987793,72,805,1,453,0,61.77575007,24.71474609,907.939209,37.88712692,15.75558281,83.65289307,1.674309373
176,1998,1,4,16,0,64,751,351,-15,9.384545898,64,751,1,351,0,67.59896226,23.81084595,908.0656738,39.95536804,15.93237305,89.36206818,1.736139894
177,1998,1,4,16,30,53,678,244,-15,10.05031738,53,678,1,244,0,73.68659729,22.44609985,908.2530518,45.37321472,15.98059082,89.36206818,1.845773578
178,1998,1,4,17,0,34,597,138,-15,10.69176636,34,597,1,138,0,79.97652594,21.08132324,908.4403687,51.47423172,16.02880859,95.98399353,1.955407262
179,1998,1,4,17,30,0,0,0,1,11.43013916,0,0,0,0,0,86.42209213,20.45879517,908.5042725,56.17008209,15.99703407,95.98399353,1.989246845
180,1998,1,4,18,0,0,0,0,-15,12.13948975,0,0,1,0,0,92.99204521,19.83626709,908.5681152,61.17112732,15.96526051,104.7620773,2.023086309
181,1998,1,4,18,30,0,0,0,-15,12.07644043,0,0,1,0,0,99.65520531,19.57247314,908.7644043,61.92324829,15.8922472,104.7620773,2.042999268
182,1998,1,4,19,0,0,0,0,-15,12.0130249,0,0,1,0,0,106.3923315,19.3086792,908.9606323,62.68494034,15.81923294,113.0808716,2.062911987
183,1998,1,4,19,30,0,0,0,-15,11.90377197,0,0,1,0,0,113.1862891,18.92418823,909.1973877,63.74494934,15.6827383,113.0808716,2.101680994
184,1998,1,4,20,0,0,0,0,-15,11.79351196,0,0,1,0,0,120.0223611,18.53972778,909.4342041,64.82247925,15.54624271,118.1361008,2.140450001
185,1998,1,4,20,30,0,0,0,0,11.67946777,0,0,0,0,0,126.8868977,18.10704956,909.458252,66.10598755,15.34804535,118.1361008,2.168251753
186,1998,1,4,21,0,0,0,0,-15,11.56435547,0,0,1,0,0,133.765724,17.67434082,909.4822998,67.41577148,15.14984703,119.949234,2.196053505
187,1998,1,4,21,30,0,0,0,-15,11.43334351,0,0,1,0,0,140.6416719,17.26809082,909.4006348,68.57037354,14.93164539,119.949234,2.210449696
188,1998,1,4,22,0,0,0,0,-15,11.30111084,0,0,1,0,0,147.4896865,16.86184082,909.3190308,69.74388123,14.71344376,120.3416138,2.224845886
189,1998,1,4,22,30,0,0,0,-15,11.178125,0,0,1,0,0,154.2649059,16.50737915,909.1627808,70.75270844,14.51367855,120.3416138,2.232902288
190,1998,1,4,23,0,0,0,0,-15,11.05407104,0,0,1,0,0,160.8670647,16.15288696,909.0065308,71.77509308,14.31391239,120.5214233,2.240958691
191,1998,1,4,23,30,0,0,0,0,10.92785034,0,0,0,0,0,167.0053734,15.8432251,908.8270264,72.597229,14.15837765,120.5214233,2.293992519
192,1998,1,5,0,0,0,0,0,0,10.80059204,0,0,0,0,0,171.5700351,15.53356323,908.647583,73.42654419,14.0028429,119.5354309,2.347026587
193,1998,1,5,0,30,0,0,0,1,10.67171631,0,0,0,0,0,171.4634067,15.2612854,908.4712524,74.08229065,13.881217,119.5354309,2.405554295
194,1998,1,5,1,0,0,0,0,0,10.54177246,0,0,0,0,0,166.7983045,14.98903809,908.2949219,74.74060059,13.7595911,117.6631699,2.464082003
195,1998,1,5,1,30,0,0,0,1,10.41097412,0,0,0,0,0,160.6324986,14.73641357,908.1474609,75.30712128,13.67911625,117.6631699,2.520467758
196,1998,1,5,2,0,0,0,0,0,10.27910767,0,0,0,0,0,154.0208324,14.48375854,908,75.87438965,13.5986414,115.2226791,2.576853752
197,1998,1,5,2,30,0,0,0,1,10.17369995,0,0,0,0,0,147.2416224,14.25179443,907.9093018,76.48062897,13.52727795,115.2226791,2.634161234
198,1998,1,5,3,0,0,0,0,1,10.06759033,0,0,0,0,0,140.3918347,14.01986084,907.8186646,77.08946228,13.45591354,111.9848785,2.691468716
199,1998,1,5,3,30,0,0,0,1,9.95043335,0,0,0,0,0,133.5152262,13.80474243,907.9389648,77.56253052,13.37770844,111.9848785,2.739173412
200,1998,1,5,4,0,0,0,0,1,9.832330322,0,0,0,0,0,126.6364213,13.58959351,908.0592651,78.03509521,13.29950237,108.0064011,2.786878347
201,1998,1,5,4,30,0,0,0,1,9.685113525,0,0,0,0,0,119.7724124,13.40154419,908.1728516,78.2204361,13.21145153,108.0064011,2.813727379
202,1998,1,5,5,0,0,0,0,1,9.53649292,0,0,0,0,0,112.9373158,13.21346436,908.286377,78.39955902,13.12340069,103.9226532,2.840576649
203,1998,1,5,5,30,0,0,0,1,9.486810303,0,0,0,0,0,106.1447895,13.06469116,908.5446777,78.90089417,13.02018452,103.9226532,2.800405025
204,1998,1,5,6,0,0,0,0,1,9.436914063,0,0,0,0,0,99.40960794,12.91591797,908.8029785,79.40512085,12.91696739,102.3861847,2.760233164
205,1998,1,5,6,30,0,0,0,1,9.746087646,0,0,0,0,0,92.74901117,14.12346802,909.126709,74.94303131,12.75012016,102.3861847,2.648346663
206,1998,1,5,7,0,20,255,37,0,10.04805908,20,255,0,37,0,86.1824782,15.33101807,909.4505005,70.74604034,12.58327293,102.355423,2.536460161
207,1998,1,5,7,30,46,497,135,0,10.17345581,46,497,0,135,0,79.74120809,17.06588135,909.7825928,63.8731308,12.43144894,102.355423,2.272631168
208,1998,1,5,8,0,59,654,245,0,10.29442749,59,654,0,245,0,73.45697419,18.80077515,910.1146851,57.73468781,12.27962494,100.5128021,2.008801937
209,1998,1,5,8,30,68,747,356,0,9.583520508,68,747,0,356,0,67.37686274,21.07283936,910.2138672,47.82470322,12.20289135,100.5128021,2.168630123
210,1998,1,5,9,0,75,807,460,0,8.839654541,75,807,0,460,0,61.56366549,23.34487305,910.3131104,39.61205292,12.12615776,79.22865295,2.328458548
211,1998,1,5,9,30,80,849,554,0,8.837060547,80,849,0,554,0,56.10236013,24.47710571,910.1923828,36.99932861,12.15375137,79.22865295,2.137178898
212,1998,1,5,10,0,85,878,636,0,8.832421875,85,878,0,636,0,51.1075718,25.60930786,910.0715942,34.57401657,12.18134499,72.10567474,1.945899248
213,1998,1,5,10,30,88,899,704,3,8.90657959,307,297,0,511,0,46.73058581,26.36675415,909.8446045,33.22422409,12.29526806,72.10567474,1.705577374
214,1998,1,5,11,0,90,913,756,0,8.979119873,90,913,0,756,0,43.1609738,27.12416992,909.6176147,31.93162918,12.40919113,68.05130005,1.465255499
215,1998,1,5,11,30,92,921,791,3,8.942468262,92,921,4,791,0,40.61311405,27.60592041,909.1955566,30.96640015,12.55658054,68.05130005,1.328226089
216,1998,1,5,12,0,92,925,809,1,8.905389404,92,925,0,809,0,39.28692791,28.08770142,908.7734375,30.03236008,12.70397091,65.02130127,1.191196561
217,1998,1,5,12,30,92,924,808,0,8.83727417,92,924,0,808,0,39.30657501,28.22380981,908.3793945,29.65854073,12.95588112,65.02130127,1.107627034
218,1998,1,5,13,0,91,920,789,1,8.768945313,91,920,0,789,0,40.67010587,28.35994873,907.9853516,29.28905106,13.20779228,63.65041733,1.024057508
219,1998,1,5,13,30,90,910,753,0,8.682977295,90,910,0,753,0,43.25032598,28.18786011,907.6482544,29.41248131,13.42017174,63.65041733,0.956059337
220,1998,1,5,14,0,87,896,700,2,8.596520996,320,181,0,445,0,46.84610543,28.01577148,907.3111572,29.53572273,13.63255119,68.72200012,0.888061225
221,1998,1,5,14,30,83,876,632,1,8.526361084,83,876,0,632,0,51.24337225,27.45955811,907.230957,30.3666954,13.80012894,68.72200012,0.886989355
222,1998,1,5,15,0,79,848,550,0,8.455133057,79,848,0,550,0,56.25356882,26.90331421,907.1506958,31.22302628,13.96770668,81.81364441,0.885917544
223,1998,1,5,15,30,73,810,456,3,8.486566162,73,810,4,456,0,61.72653021,25.91845093,907.2612305,33.16152191,14.09817505,81.81364441,0.978417993
224,1998,1,5,16,0,65,757,354,1,8.516351318,65,757,0,354,0,67.54859102,24.93358765,907.3718262,35.23149109,14.22864246,95.09093475,1.070918441
225,1998,1,5,16,30,54,683,246,0,9.649835205,54,683,0,246,0,73.63551207,23.42620239,907.65625,41.62705994,14.35490513,95.09093475,1.324195981
226,1998,1,5,17,0,34,603,140,0,10.71584473,34,603,0,140,0,79.92504051,21.91881714,907.9406128,48.98041534,14.48116779,105.7013474,1.577473521
227,1998,1,5,17,30,0,0,0,1,11.07503662,0,0,0,0,0,86.37044626,21.02541504,908.2927246,52.98345184,14.6173687,105.7013474,1.848348379
228,1998,1,5,18,0,0,0,0,1,11.4270874,0,0,0,0,0,92.94038189,20.13201294,908.6448364,57.30388641,14.7535696,109.6621628,2.119223118
229,1998,1,5,18,30,0,0,0,3,11.19054565,0,0,0,0,0,99.60368039,19.71102295,908.9603271,57.90393829,14.84376526,109.6621628,2.301702023
230,1998,1,5,19,0,0,0,0,4,10.95006714,0,0,0,0,0,106.3410642,19.29003296,909.2758179,58.49814987,14.93396091,109.2314682,2.484181166
231,1998,1,5,19,30,0,0,0,-15,10.84530029,0,0,1,0,0,113.1353915,18.90459595,909.4714355,59.50519562,14.98300934,109.2314682,2.58812952
232,1998,1,5,20,0,0,0,0,-15,10.7395874,0,0,1,0,0,119.9719506,18.51915894,909.6671143,60.52960587,15.03205776,106.6671295,2.692077875
233,1998,1,5,20,30,0,0,0,1,10.69509277,0,0,0,0,0,126.8371119,18.16326294,909.7159424,61.71259308,15.02216339,106.6671295,2.749217033
234,1998,1,5,21,0,0,0,0,-15,10.65032349,0,0,1,0,0,133.7167436,17.80736694,909.7648315,62.92119598,15.01226902,103.3337402,2.806355953
235,1998,1,5,21,30,0,0,0,-15,10.64241943,0,0,1,0,0,140.5937622,17.46965942,909.7091064,64.24124908,14.94792748,103.3337402,2.827537298
236,1998,1,5,22,0,0,0,0,-15,10.63439331,0,0,1,0,0,147.4432848,17.1319519,909.6533203,65.59203339,14.88358688,100.7259598,2.848718643
237,1998,1,5,22,30,0,0,0,-15,10.62224731,0,0,1,0,0,154.220836,16.8076416,909.3757324,66.89975739,14.78626823,100.7259598,2.843724728
238,1998,1,5,23,0,0,0,0,-15,10.61000977,0,0,1,0,0,160.82717,16.4833313,909.0982056,68.23652649,14.68894959,99.06018066,2.838730812
239,1998,1,5,23,30,0,0,0,1,10.5979248,0,0,0,0,0,166.9748334,16.19402466,908.8718262,69.44921875,14.57440472,99.06018066,2.822189808
240,1998,1,6,0,0,0,0,0,-15,10.58574829,0,0,1,0,0,171.5658214,15.9046875,908.6454468,70.68605042,14.45985985,97.10241699,2.805648804
241,1998,1,6,0,30,0,0,0,1,10.54683838,0,0,0,0,0,171.5010334,15.63973389,908.4227295,71.70793915,14.33659172,97.10241699,2.786720037
242,1998,1,6,1,0,0,0,0,3,10.5078064,0,0,0,0,0,166.8491474,15.37481079,908.2000732,72.7461853,14.21332359,96.18721771,2.767791271
243,1998,1,6,1,30,0,0,0,1,10.45531616,0,0,0,0,0,160.6848121,15.13103638,907.9942627,73.63579559,14.13343906,96.18721771,2.758787632
244,1998,1,6,2,0,0,0,0,1,10.40264282,0,0,0,0,0,154.0726607,14.88726196,907.7883911,74.53729248,14.05355453,95.92962646,2.749784231
245,1998,1,6,2,30,0,0,0,0,10.36553345,0,0,0,0,0,147.292598,14.65667114,907.7435303,75.46630859,14.01409912,95.92962646,2.767021656
246,1998,1,6,3,0,0,0,0,1,10.328302,0,0,0,0,0,140.4418749,14.42608032,907.6987305,76.40815735,13.97464466,95.81127167,2.784258842
247,1998,1,6,3,30,0,0,0,4,10.29171143,0,0,0,0,0,133.5642974,14.24562988,907.7442017,77.11637878,13.9482832,95.81127167,2.838004828
248,1998,1,6,4,0,0,0,0,1,10.25499878,0,0,0,0,0,126.684486,14.06517944,907.7896729,77.83175659,13.92192173,93.92575836,2.891750813
249,1998,1,6,4,30,0,0,0,3,10.19310913,0,0,0,0,0,119.8194153,13.88988647,907.9499512,78.39694977,13.85554981,93.92575836,2.968057156
250,1998,1,6,5,0,0,0,0,1,10.13094482,0,0,0,0,0,112.9831778,13.71459351,908.1102295,78.96574402,13.78917789,89.47703552,3.044363737
251,1998,1,6,5,30,0,0,0,1,10.20366821,0,0,0,0,0,106.1894034,13.53719482,908.279541,80.27095032,13.66459847,89.47703552,3.052989721
252,1998,1,6,6,0,0,0,0,3,10.27611694,0,0,0,0,0,99.452833,13.35979614,908.4489136,81.59725952,13.54001808,86.92793274,3.061615705
253,1998,1,6,6,30,0,0,0,3,10.6602417,0,0,0,0,0,92.79066487,14.41726074,908.5765381,78.16173553,13.44420242,86.92793274,2.934468985
254,1998,1,6,7,0,20,251,36,0,11.03444824,20,251,0,36,0,86.22231291,15.47472534,908.7042236,74.85762024,13.34838772,86.55079651,2.807322264
255,1998,1,6,7,30,46,493,134,0,11.08657227,46,493,0,134,0,79.77894283,17.23870239,909.0130005,67.13787079,13.32529545,86.55079651,2.608952999
256,1998,1,6,8,0,59,650,244,0,11.1350647,59,650,0,244,0,73.49220841,19.00264893,909.3217773,60.29071045,13.30220413,84.3074646,2.410583496
257,1998,1,6,8,30,68,742,353,0,10.39644775,68,742,0,353,0,67.40908624,21.02208862,909.4589844,50.65551376,13.3493185,84.3074646,2.421792984
258,1998,1,6,9,0,75,803,457,0,9.623681641,75,803,0,457,0,61.59221716,23.04152832,909.5961304,42.53112412,13.39643288,76.93392181,2.433002234
259,1998,1,6,9,30,80,844,551,0,9.341912842,80,844,0,551,0,56.12638832,24.21599731,909.4688721,38.88317108,13.4872551,76.93392181,2.168305397
260,1998,1,6,10,0,85,873,633,0,9.054437256,85,873,0,633,0,51.12600303,25.39043579,909.3416748,35.55506134,13.57807827,76.6746521,1.903608561
261,1998,1,6,10,30,88,894,701,0,9.025720215,88,894,0,701,0,46.74213199,26.1383606,908.9245605,33.94719315,13.70548248,76.6746521,1.688587427
262,1998,1,6,11,0,90,908,753,3,8.995996094,347,227,0,512,0,43.16423624,26.88625488,908.5073853,32.41791916,13.8328867,81.59113312,1.473566294
263,1998,1,6,11,30,92,916,788,0,8.888635254,92,916,0,788,0,40.60685423,27.33678589,908.0288696,31.34402657,13.97323322,81.59113312,1.364633203
264,1998,1,6,12,0,92,920,805,3,8.780480957,351,326,0,604,0,39.27049786,27.78731689,907.550354,30.3065834,14.1135788,87.73616791,1.255700111
265,1998,1,6,12,30,92,920,805,3,8.65267334,339,342,4,604,0,39.28029913,27.93251953,907.0614014,29.79238701,14.25205994,87.73616791,1.183661222
266,1998,1,6,13,0,91,916,787,3,8.524102783,300,431,0,627,0,40.63528895,28.07772217,906.5723877,29.28534126,14.39054012,94.47207642,1.111622453
267,1998,1,6,13,30,90,907,751,3,8.381005859,337,266,0,531,0,43.20882787,27.88207397,906.3339844,29.33571243,14.51245213,94.47207642,1.073377371
268,1998,1,6,14,0,87,893,699,3,8.236566162,318,215,0,466,0,46.79980636,27.68642578,906.0955811,29.3836956,14.63436413,103.5502243,1.035132408
269,1998,1,6,14,30,83,873,631,3,8.141442871,280,239,0,430,0,51.19384233,27.10558472,905.9368896,30.20484734,14.7416935,103.5502243,1.068958998
270,1998,1,6,15,0,79,845,549,3,8.044946289,171,522,0,462,0,56.20198255,26.52474365,905.7781982,31.05051422,14.84902287,109.71492,1.102785707
271,1998,1,6,15,30,73,807,456,3,8.023034668,174,365,0,347,0,61.67371635,25.55635986,905.8996582,32.83246613,14.92794323,109.71492,1.201915026
272,1998,1,6,16,0,65,755,354,1,7.999353027,65,755,0,354,0,67.49511994,24.58800659,906.0211792,34.72689819,15.00686359,110.238411,1.301044345
273,1998,1,6,16,30,54,681,246,-15,8.892663574,54,681,1,246,0,73.58177553,23.06987915,906.2299805,40.4201088,15.07094669,110.238411,1.517888784
274,1998,1,6,17,0,35,600,140,-15,9.74276123,35,600,1,140,0,79.8713124,21.55175171,906.4387817,46.93989182,15.13502979,106.8244553,1.734733105
275,1998,1,6,17,30,0,0,0,0,10.31728516,0,0,0,0,0,86.3169334,20.68535767,906.6937256,51.44328308,15.17071629,106.8244553,1.916937351
276,1998,1,6,18,0,0,0,0,-15,10.87404785,0,0,1,0,0,92.88720037,19.81899414,906.9487305,56.32213974,15.20640373,104.2726593,2.099141598
277,1998,1,6,18,30,0,0,0,-15,10.73143921,0,0,1,0,0,99.5509667,19.41628418,907.1689453,57.20325851,15.25151348,104.2726593,2.211433887
278,1998,1,6,19,0,0,0,0,-15,10.58718262,0,0,1,0,0,106.2889243,19.01357422,907.3890991,58.09574127,15.29662323,102.3948517,2.323726416
279,1998,1,6,19,30,0,0,0,-15,10.53112183,0,0,1,0,0,113.0839309,18.64931641,907.5223389,59.21121216,15.31562519,102.3948517,2.406951427
280,1998,1,6,20,0,0,0,0,-15,10.47463379,0,0,1,0,0,119.9212874,18.28505859,907.6555176,60.35016632,15.33462811,100.9599457,2.490176439
281,1998,1,6,20,30,0,0,0,0,10.45522461,0,0,0,0,0,126.7873934,17.95437012,907.699585,61.53694916,15.32398033,100.9599457,2.544403315
282,1998,1,6,21,0,0,0,0,-15,10.43563232,0,0,1,0,0,133.6681726,17.62368164,907.7435913,62.74966049,15.31333351,100.0075073,2.59863019
283,1998,1,6,21,30,0,0,0,-15,10.44072876,0,0,1,0,0,140.5466446,17.31444702,907.7176514,64.00827789,15.28925228,100.0075073,2.634067059
284,1998,1,6,22,0,0,0,0,-15,10.44573364,0,0,1,0,0,147.3981293,17.0052124,907.6917114,65.29473877,15.26517105,99.66213989,2.669503689
285,1998,1,6,22,30,0,0,0,-15,10.4465271,0,0,1,0,0,154.1785966,16.72017822,907.4462891,66.48917389,15.22913837,99.66213989,2.699928045
286,1998,1,6,23,0,0,0,0,-15,10.447229,0,0,1,0,0,160.7899412,16.43514404,907.2009277,67.70779419,15.1931057,98.91070557,2.730352402
287,1998,1,6,23,30,0,0,0,1,10.36754761,0,0,0,0,0,166.9483087,16.1809021,906.9327393,68.448349,15.14304066,98.91070557,2.801277161
288,1998,1,7,0,0,0,0,0,-15,10.28743896,0,0,1,0,0,171.5676507,15.92666016,906.6646118,69.19698334,15.09297466,96.23628235,2.872201681
289,1998,1,7,0,30,0,0,0,-15,10.16726074,0,0,1,0,0,171.5445134,15.6947876,906.4506226,69.66890717,15.04772663,96.23628235,2.956283569
290,1998,1,7,1,0,0,0,0,-15,10.04616699,0,0,1,0,0,166.9034626,15.46291504,906.2366333,70.14118958,15.00247765,92.8095932,3.040365458
291,1998,1,7,1,30,0,0,0,3,9.939416504,0,0,0,0,0,160.7391023,15.23391113,906.1228638,70.6727829,14.95392036,92.8095932,3.117600441
292,1998,1,7,2,0,0,0,0,1,9.831903076,0,0,0,0,0,154.1255735,15.00487671,906.0090942,71.20646667,14.90536404,89.15035248,3.194835424
293,1998,1,7,2,30,0,0,0,1,9.723535156,0,0,0,0,0,147.3440489,14.7746521,905.8857422,71.74685669,14.84348774,89.15035248,3.258178234
294,1998,1,7,3,0,0,0,0,1,9.614404297,0,0,0,0,0,140.4919244,14.54439697,905.7623901,72.28929138,14.7816124,85.39241028,3.321520805
295,1998,1,7,3,30,0,0,0,1,9.534997559,0,0,0,0,0,133.6129902,14.3154541,905.796936,72.97672272,14.71304321,85.39241028,3.362754345
296,1998,1,7,4,0,0,0,0,8,9.455163574,0,0,0,0,0,126.7318293,14.08648071,905.8314819,73.67027283,14.64447498,81.11654663,3.403987646
297,1998,1,7,4,30,0,0,0,7,9.365136719,0,0,0,0,0,119.8653786,13.86220703,906.1304932,74.29853058,14.57662869,81.11654663,3.430226803
298,1998,1,7,5,0,0,0,0,7,9.274468994,0,0,0,0,0,113.0276942,13.63790283,906.4294434,74.93075562,14.50878143,76.52390289,3.456466198
299,1998,1,7,5,30,0,0,0,7,9.168878174,0,0,0,0,0,106.2323688,13.48601685,906.7857666,75.13882446,14.43774033,76.52390289,3.472554684
300,1998,1,7,6,0,0,0,0,7,9.062463379,0,0,0,0,0,99.4941023,13.33410034,907.1420288,75.34399414,14.36669922,72.47909546,3.488643408
301,1998,1,7,6,30,0,0,0,7,9.038659668,0,0,0,0,0,92.83004505,14.34676514,907.4416504,70.43720245,14.24055862,72.47909546,3.413841724
302,1998,1,7,7,0,19,247,36,7,9.01394043,19,247,4,36,0,86.25954059,15.35946045,907.7412109,65.87973022,14.11441898,69.09327698,3.339039803
303,1998,1,7,7,30,46,490,133,1,8.989099121,46,490,0,133,0,79.81371364,17.13726196,908.010498,58.72604752,13.982337,69.09327698,3.151203156
304,1998,1,7,8,0,59,647,243,1,8.960992432,59,647,0,243,0,73.52409426,18.91509399,908.2797241,52.41793823,13.85025406,65.60374451,2.96336627
305,1998,1,7,8,30,68,740,352,7,8.274987793,84,611,0,319,0,67.43754387,21.07567749,908.4338379,43.77568436,13.76553345,65.60374451,3.197566032
306,1998,1,7,9,0,75,801,456,7,7.558007813,92,701,0,425,0,61.61654862,23.23626099,908.5880127,36.55121994,13.68081188,59.30387115,3.431766033
307,1998,1,7,9,30,80,843,550,4,7.416131592,229,325,0,410,0,56.14570512,24.46044312,908.491333,33.6297493,13.67290211,59.30387115,3.227221489
308,1998,1,7,10,0,85,872,632,7,7.271264648,187,585,0,554,0,51.13920287,25.68462524,908.3946533,30.95591354,13.66499233,57.64456177,3.022676706
309,1998,1,7,10,30,88,893,700,1,7.276483154,88,893,0,700,0,46.74792074,26.41903076,908.1075439,29.65042496,13.73266888,57.64456177,2.784554482
310,1998,1,7,11,0,90,907,753,7,7.280725098,248,560,0,656,0,43.16125508,27.15343628,907.8204346,28.40472794,13.80034447,58.952034,2.546432018
311,1998,1,7,11,30,92,916,788,8,7.253411865,312,404,0,620,0,40.59397675,27.56627808,907.4313965,27.6742363,13.91036129,58.952034,2.33655715
312,1998,1,7,12,0,92,920,806,8,7.225793457,348,340,0,611,0,39.24727277,27.97911987,907.0424194,26.9639225,14.02037811,63.352005,2.126682281
313,1998,1,7,12,30,92,920,805,7,7.136682129,364,276,0,578,0,39.24730602,28.07750854,906.5999146,26.64680481,14.19886112,63.352005,1.9751755
314,1998,1,7,13,0,91,916,787,8,7.047235107,328,371,0,610,0,40.59408222,28.17589722,906.1574097,26.33273315,14.37734509,70.7416153,1.823668718
315,1998,1,7,13,30,90,906,751,7,6.938409424,249,535,0,640,0,43.1614488,27.96050415,905.8643188,26.46728516,14.56118774,70.7416153,1.745340824
316,1998,1,7,14,0,87,892,699,8,6.828759766,238,495,0,577,0,46.7482266,27.74508057,905.571228,26.60143662,14.7450304,80.44985199,1.667013049
317,1998,1,7,14,30,84,872,631,8,6.749902344,237,429,0,506,0,51.13965012,27.14367065,905.4827881,27.4060688,14.94120407,80.44985199,1.678526759
318,1998,1,7,15,0,79,844,549,7,6.669824219,219,350,0,415,0,56.14632673,26.54223022,905.3944092,28.2370739,15.13737774,91.62526703,1.690040469
319,1998,1,7,15,30,73,806,456,-15,6.667260742,184,337,1,344,0,61.61738053,25.58931885,905.5255127,29.86917114,15.35294628,91.62526703,1.788980246
320,1998,1,7,16,0,65,753,354,-15,6.663171387,142,326,1,267,0,67.43862482,24.63640747,905.6565552,31.6048584,15.56851482,101.0201569,1.887919903
321,1998,1,7,16,30,54,679,247,-15,7.620996094,100,303,1,186,0,73.52546608,23.06737671,906.0891113,37.0852623,15.79125595,101.0201569,2.044910908
322,1998,1,7,17,0,35,595,141,-15,8.529290771,59,265,1,106,0,79.81542176,21.49837646,906.5216064,43.39721298,16.01399612,106.2546234,2.201901913
323,1998,1,7,17,30,0,0,0,7,9.145288086,0,0,0,0,0,86.26163465,20.57390747,906.8231812,47.88354492,16.20998001,106.2546234,2.348304033
324,1998,1,7,18,0,0,0,0,-15,9.740716553,0,0,1,0,0,92.83258226,19.64943848,907.1247559,52.77132416,16.4059639,108.6015015,2.494706154
325,1998,1,7,18,30,0,0,0,-15,9.700341797,0,0,1,0,0,99.49714577,19.19576416,907.4468994,54.1345787,16.48302841,108.6015015,2.583631039
326,1998,1,7,19,0,0,0,0,-15,9.659570313,0,0,1,0,0,106.2359928,18.74208984,907.7689819,55.53680038,16.56009483,109.2465515,2.672555685
327,1998,1,7,19,30,0,0,0,-15,9.658044434,0,0,1,0,0,113.0319873,18.31932983,908.0213623,57.02056885,16.58086014,109.2465515,2.736458778
328,1998,1,7,20,0,0,0,0,-15,9.656304932,0,0,1,0,0,119.87045,17.89660034,908.2737427,58.54801941,16.60162735,108.1674271,2.800361633
329,1998,1,7,20,30,0,0,0,7,9.691369629,0,0,0,0,0,126.7378187,17.51030884,908.3018799,60.1317482,16.56498909,108.1674271,2.843784332
330,1998,1,7,21,0,0,0,0,-15,9.726220703,0,0,1,0,0,133.6200846,17.12398682,908.3300781,61.7620163,16.52835083,105.2684631,2.88720727
331,1998,1,7,21,30,0,0,0,-15,9.758874512,0,0,1,0,0,140.5003883,16.76827393,908.2687378,63.30851746,16.43356705,105.2684631,2.927439213
332,1998,1,7,22,0,0,0,0,-15,9.791345215,0,0,1,0,0,147.3542832,16.41256104,908.2073975,64.89694214,16.33878136,101.0502167,2.967671156
333,1998,1,7,22,30,0,0,0,-15,9.834344482,0,0,1,0,0,154.1382406,16.08135376,907.989624,66.47216034,16.19466782,101.0502167,3.007071972
334,1998,1,7,23,0,0,0,0,-15,9.877099609,0,0,1,0,0,160.755414,15.75014648,907.7717896,68.08830261,16.05055237,96.31082916,3.046473026
335,1998,1,7,23,30,0,0,0,1,9.781274414,0,0,0,0,0,166.9258029,15.48186646,907.5223999,68.82471466,15.88820457,96.31082916,3.119097233